{"Ridge": 75.19650907818918, "Lasso": 3.971296200473362, "ElasticNet": 3.5759571019420564, "LinearRegression": 95.23043698252474, "BayesianRidge": 94.93322337601161, "SVR": 12.350496090991559, "DecisionTreeRegressor": 9.62, "RandomForestRegressor": 8.7394, "XGBRegressor": 9.492768287658691, "KNeighborsRegressor": 8.774000000000001, "MLPRegressor": 44.328180547737176, "GradientBoostingRegressor": 9.380679750541477}